order,large,,,,
make,box,,,,
background,black,,,,
size,30000,,,,
value,color1,linear1,color2,linear2,count
1.0 to 1.5,303030 to 606060,95,000000 to 404040,95,81
0.025 to 0.04,800000 to ff6000,75,804000 to ff8000,75,200
0.003 to 0.006,404040 to a0a0a0,95,000000 to 808080,95,700
0.0004 to 0.0007,800000 to ff6000,75,804000 to ff8000,75,3500
0.00006 to 0.00009,404040 to a0a0a0,95,000000 to 808080,95,8000
0.000008 to 0.00003,800000 to ff6000,75,804000 to ff8000,75,16000
